Feature,Importance
Age,0.623461461105452
Specimen,0.10050030283433158
Resistance,0.08802735210122883
Ciprofloxacin,0.05098277048410992
Vancomycin,0.04633600886867555
Gender,0.04557732459105869
Meropenem,0.04511478001514349
